{
  "Extensions": [
    {
      "Name": "helm_remote",
      "ExtensionRegistry": "https://github.com/tilt-dev/tilt-extensions",
      "TimeFetched": "2021-09-03T08:56:46.938205-04:00"
    },
    {
      "Name": "global_vars",
      "ExtensionRegistry": "https://github.com/tilt-dev/tilt-extensions",
      "TimeFetched": "2021-09-03T08:56:48.751933-04:00"
    },
    {
      "Name": "secret",
      "ExtensionRegistry": "https://github.com/tilt-dev/tilt-extensions",
      "TimeFetched": "2021-09-09T08:57:26.199313-06:00"
    },
    {
      "Name": "restart_process",
      "ExtensionRegistry": "https://github.com/tilt-dev/tilt-extensions",
      "TimeFetched": "2021-09-13T20:14:11.011803-04:00"
    },
    {
      "Name": "configmap",
      "ExtensionRegistry": "https://github.com/tilt-dev/tilt-extensions",
      "TimeFetched": "2021-09-13T20:58:06.169124-04:00"
    }
  ]
}