[{"inputs":[{"internalType":"contract IERC20TokenV06","name":"token","type":"address"},{"internalType":"address","name":"owner","type":"address"},{"internalType":"address","name":"to","type":"address"},{"internalType":"uint256","name":"amount","type":"uint256"}],"name":"_spendERC20Tokens","outputs":[],"stateMutability":"nonpayable","type":"function"},{"inputs":[],"name":"getAllowanceTarget","outputs":[{"internalType":"address","name":"target","type":"address"}],"stateMutability":"view","type":"function"},{"inputs":[{"internalType":"contract IERC20TokenV06","name":"token","type":"address"},{"internalType":"address","name":"owner","type":"address"}],"name":"getSpendableERC20BalanceOf","outputs":[{"internalType":"uint256","name":"amount","type":"uint256"}],"stateMutability":"view","type":"function"}]
