[{"anonymous":false,"inputs":[{"indexed":true,"internalType":"address","name":"target","type":"address"},{"indexed":true,"internalType":"address","name":"caller","type":"address"}],"name":"AuthorizedAddressAdded","type":"event"},{"anonymous":false,"inputs":[{"indexed":true,"internalType":"address","name":"target","type":"address"},{"indexed":true,"internalType":"address","name":"caller","type":"address"}],"name":"AuthorizedAddressRemoved","type":"event"},{"anonymous":false,"inputs":[{"indexed":true,"internalType":"uint256","name":"epoch","type":"uint256"},{"indexed":false,"internalType":"uint256","name":"numPoolsToFinalize","type":"uint256"},{"indexed":false,"internalType":"uint256","name":"rewardsAvailable","type":"uint256"},{"indexed":false,"internalType":"uint256","name":"totalFeesCollected","type":"uint256"},{"indexed":false,"internalType":"uint256","name":"totalWeightedStake","type":"uint256"}],"name":"EpochEnded","type":"event"},{"anonymous":false,"inputs":[{"indexed":true,"internalType":"uint256","name":"epoch","type":"uint256"},{"indexed":false,"internalType":"uint256","name":"rewardsPaid","type":"uint256"},{"indexed":false,"internalType":"uint256","name":"rewardsRemaining","type":"uint256"}],"name":"EpochFinalized","type":"event"},{"anonymous":false,"inputs":[{"indexed":false,"internalType":"address","name":"exchangeAddress","type":"address"}],"name":"ExchangeAdded","type":"event"},{"anonymous":false,"inputs":[{"indexed":false,"internalType":"address","name":"exchangeAddress","type":"address"}],"name":"ExchangeRemoved","type":"event"},{"anonymous":false,"inputs":[{"indexed":true,"internalType":"address","name":"makerAddress","type":"address"},{"indexed":true,"internalType":"bytes32","name":"poolId","type":"bytes32"}],"name":"MakerStakingPoolSet","type":"event"},{"anonymous":false,"inputs":[{"indexed":true,"internalType":"address","name":"staker","type":"address"},{"indexed":false,"internalType":"uint256","name":"amount","type":"uint256"},{"indexed":false,"internalType":"uint8","name":"fromStatus","type":"uint8"},{"indexed":true,"internalType":"bytes32","name":"fromPool","type":"bytes32"},{"indexed":false,"internalType":"uint8","name":"toStatus","type":"uint8"},{"indexed":true,"internalType":"bytes32","name":"toPool","type":"bytes32"}],"name":"MoveStake","type":"event"},{"anonymous":false,"inputs":[{"indexed":true,"internalType":"bytes32","name":"poolId","type":"bytes32"},{"indexed":false,"internalType":"uint32","name":"oldOperatorShare","type":"uint32"},{"indexed":false,"internalType":"uint32","name":"newOperatorShare","type":"uint32"}],"name":"OperatorShareDecreased","type":"event"},{"anonymous":false,"inputs":[{"indexed":true,"internalType":"address","name":"previousOwner","type":"address"},{"indexed":true,"internalType":"address","name":"newOwner","type":"address"}],"name":"OwnershipTransferred","type":"event"},{"anonymous":false,"inputs":[{"indexed":false,"internalType":"uint256","name":"epochDurationInSeconds","type":"uint256"},{"indexed":false,"internalType":"uint32","name":"rewardDelegatedStakeWeight","type":"uint32"},{"indexed":false,"internalType":"uint256","name":"minimumPoolStake","type":"uint256"},{"indexed":false,"internalType":"uint256","name":"cobbDouglasAlphaNumerator","type":"uint256"},{"indexed":false,"internalType":"uint256","name":"cobbDouglasAlphaDenominator","type":"uint256"}],"name":"ParamsSet","type":"event"},{"anonymous":false,"inputs":[{"indexed":true,"internalType":"uint256","name":"epoch","type":"uint256"},{"indexed":true,"internalType":"bytes32","name":"poolId","type":"bytes32"},{"indexed":false,"internalType":"uint256","name":"operatorReward","type":"uint256"},{"indexed":false,"internalType":"uint256","name":"membersReward","type":"uint256"}],"name":"RewardsPaid","type":"event"},{"anonymous":false,"inputs":[{"indexed":true,"internalType":"address","name":"staker","type":"address"},{"indexed":false,"internalType":"uint256","name":"amount","type":"uint256"}],"name":"Stake","type":"event"},{"anonymous":false,"inputs":[{"indexed":false,"internalType":"bytes32","name":"poolId","type":"bytes32"},{"indexed":false,"internalType":"address","name":"operator","type":"address"},{"indexed":false,"internalType":"uint32","name":"operatorShare","type":"uint32"}],"name":"StakingPoolCreated","type":"event"},{"anonymous":false,"inputs":[{"indexed":true,"internalType":"uint256","name":"epoch","type":"uint256"},{"indexed":true,"internalType":"bytes32","name":"poolId","type":"bytes32"}],"name":"StakingPoolEarnedRewardsInEpoch","type":"event"},{"anonymous":false,"inputs":[{"indexed":true,"internalType":"address","name":"staker","type":"address"},{"indexed":false,"internalType":"uint256","name":"amount","type":"uint256"}],"name":"Unstake","type":"event"},{"constant":false,"inputs":[{"internalType":"address","name":"target","type":"address"}],"name":"addAuthorizedAddress","outputs":[],"payable":false,"stateMutability":"nonpayable","type":"function"},{"constant":false,"inputs":[{"internalType":"address","name":"addr","type":"address"}],"name":"addExchangeAddress","outputs":[],"payable":false,"stateMutability":"nonpayable","type":"function"},{"constant":true,"inputs":[{"internalType":"uint256","name":"","type":"uint256"}],"name":"aggregatedStatsByEpoch","outputs":[{"internalType":"uint256","name":"rewardsAvailable","type":"uint256"},{"internalType":"uint256","name":"numPoolsToFinalize","type":"uint256"},{"internalType":"uint256","name":"totalFeesCollected","type":"uint256"},{"internalType":"uint256","name":"totalWeightedStake","type":"uint256"},{"internalType":"uint256","name":"totalRewardsFinalized","type":"uint256"}],"payable":false,"stateMutability":"view","type":"function"},{"constant":true,"inputs":[{"internalType":"uint256","name":"","type":"uint256"}],"name":"authorities","outputs":[{"internalType":"address","name":"","type":"address"}],"payable":false,"stateMutability":"view","type":"function"},{"constant":true,"inputs":[{"internalType":"address","name":"","type":"address"}],"name":"authorized","outputs":[{"internalType":"bool","name":"","type":"bool"}],"payable":false,"stateMutability":"view","type":"function"},{"constant":true,"inputs":[],"name":"cobbDouglasAlphaDenominator","outputs":[{"internalType":"uint32","name":"","type":"uint32"}],"payable":false,"stateMutability":"view","type":"function"},{"constant":true,"inputs":[],"name":"cobbDouglasAlphaNumerator","outputs":[{"internalType":"uint32","name":"","type":"uint32"}],"payable":false,"stateMutability":"view","type":"function"},{"constant":true,"inputs":[{"internalType":"bytes32","name":"poolId","type":"bytes32"},{"internalType":"address","name":"member","type":"address"}],"name":"computeRewardBalanceOfDelegator","outputs":[{"internalType":"uint256","name":"reward","type":"uint256"}],"payable":false,"stateMutability":"view","type":"function"},{"constant":true,"inputs":[{"internalType":"bytes32","name":"poolId","type":"bytes32"}],"name":"computeRewardBalanceOfOperator","outputs":[{"internalType":"uint256","name":"reward","type":"uint256"}],"payable":false,"stateMutability":"view","type":"function"},{"constant":false,"inputs":[{"internalType":"uint32","name":"operatorShare","type":"uint32"},{"internalType":"bool","name":"addOperatorAsMaker","type":"bool"}],"name":"createStakingPool","outputs":[{"internalType":"bytes32","name":"poolId","type":"bytes32"}],"payable":false,"stateMutability":"nonpayable","type":"function"},{"constant":true,"inputs":[],"name":"currentEpoch","outputs":[{"internalType":"uint256","name":"","type":"uint256"}],"payable":false,"stateMutability":"view","type":"function"},{"constant":true,"inputs":[],"name":"currentEpochStartTimeInSeconds","outputs":[{"internalType":"uint256","name":"","type":"uint256"}],"payable":false,"stateMutability":"view","type":"function"},{"constant":false,"inputs":[{"internalType":"bytes32","name":"poolId","type":"bytes32"},{"internalType":"uint32","name":"newOperatorShare","type":"uint32"}],"name":"decreaseStakingPoolOperatorShare","outputs":[],"payable":false,"stateMutability":"nonpayable","type":"function"},{"constant":false,"inputs":[],"name":"endEpoch","outputs":[{"internalType":"uint256","name":"","type":"uint256"}],"payable":false,"stateMutability":"nonpayable","type":"function"},{"constant":true,"inputs":[],"name":"epochDurationInSeconds","outputs":[{"internalType":"uint256","name":"","type":"uint256"}],"payable":false,"stateMutability":"view","type":"function"},{"constant":false,"inputs":[{"internalType":"bytes32","name":"poolId","type":"bytes32"}],"name":"finalizePool","outputs":[],"payable":false,"stateMutability":"nonpayable","type":"function"},{"constant":true,"inputs":[],"name":"getAuthorizedAddresses","outputs":[{"internalType":"address[]","name":"","type":"address[]"}],"payable":false,"stateMutability":"view","type":"function"},{"constant":true,"inputs":[],"name":"getCurrentEpochEarliestEndTimeInSeconds","outputs":[{"internalType":"uint256","name":"","type":"uint256"}],"payable":false,"stateMutability":"view","type":"function"},{"constant":true,"inputs":[{"internalType":"enum IStructs.StakeStatus","name":"stakeStatus","type":"uint8"}],"name":"getGlobalStakeByStatus","outputs":[{"components":[{"internalType":"uint64","name":"currentEpoch","type":"uint64"},{"internalType":"uint96","name":"currentEpochBalance","type":"uint96"},{"internalType":"uint96","name":"nextEpochBalance","type":"uint96"}],"internalType":"struct IStructs.StoredBalance","name":"balance","type":"tuple"}],"payable":false,"stateMutability":"view","type":"function"},{"constant":true,"inputs":[{"internalType":"address","name":"staker","type":"address"},{"internalType":"enum IStructs.StakeStatus","name":"stakeStatus","type":"uint8"}],"name":"getOwnerStakeByStatus","outputs":[{"components":[{"internalType":"uint64","name":"currentEpoch","type":"uint64"},{"internalType":"uint96","name":"currentEpochBalance","type":"uint96"},{"internalType":"uint96","name":"nextEpochBalance","type":"uint96"}],"internalType":"struct IStructs.StoredBalance","name":"balance","type":"tuple"}],"payable":false,"stateMutability":"view","type":"function"},{"constant":true,"inputs":[],"name":"getParams","outputs":[{"internalType":"uint256","name":"_epochDurationInSeconds","type":"uint256"},{"internalType":"uint32","name":"_rewardDelegatedStakeWeight","type":"uint32"},{"internalType":"uint256","name":"_minimumPoolStake","type":"uint256"},{"internalType":"uint32","name":"_cobbDouglasAlphaNumerator","type":"uint32"},{"internalType":"uint32","name":"_cobbDouglasAlphaDenominator","type":"uint32"}],"payable":false,"stateMutability":"view","type":"function"},{"constant":true,"inputs":[{"internalType":"address","name":"staker","type":"address"},{"internalType":"bytes32","name":"poolId","type":"bytes32"}],"name":"getStakeDelegatedToPoolByOwner","outputs":[{"components":[{"internalType":"uint64","name":"currentEpoch","type":"uint64"},{"internalType":"uint96","name":"currentEpochBalance","type":"uint96"},{"internalType":"uint96","name":"nextEpochBalance","type":"uint96"}],"internalType":"struct IStructs.StoredBalance","name":"balance","type":"tuple"}],"payable":false,"stateMutability":"view","type":"function"},{"constant":true,"inputs":[{"internalType":"bytes32","name":"poolId","type":"bytes32"}],"name":"getStakingPool","outputs":[{"components":[{"internalType":"address","name":"operator","type":"address"},{"internalType":"uint32","name":"operatorShare","type":"uint32"}],"internalType":"struct IStructs.Pool","name":"","type":"tuple"}],"payable":false,"stateMutability":"view","type":"function"},{"constant":true,"inputs":[{"internalType":"bytes32","name":"poolId","type":"bytes32"}],"name":"getStakingPoolStatsThisEpoch","outputs":[{"components":[{"internalType":"uint256","name":"feesCollected","type":"uint256"},{"internalType":"uint256","name":"weightedStake","type":"uint256"},{"internalType":"uint256","name":"membersStake","type":"uint256"}],"internalType":"struct IStructs.PoolStats","name":"","type":"tuple"}],"payable":false,"stateMutability":"view","type":"function"},{"constant":true,"inputs":[{"internalType":"address","name":"staker","type":"address"}],"name":"getTotalStake","outputs":[{"internalType":"uint256","name":"","type":"uint256"}],"payable":false,"stateMutability":"view","type":"function"},{"constant":true,"inputs":[{"internalType":"bytes32","name":"poolId","type":"bytes32"}],"name":"getTotalStakeDelegatedToPool","outputs":[{"components":[{"internalType":"uint64","name":"currentEpoch","type":"uint64"},{"internalType":"uint96","name":"currentEpochBalance","type":"uint96"},{"internalType":"uint96","name":"nextEpochBalance","type":"uint96"}],"internalType":"struct IStructs.StoredBalance","name":"balance","type":"tuple"}],"payable":false,"stateMutability":"view","type":"function"},{"constant":true,"inputs":[],"name":"getWethContract","outputs":[{"internalType":"contract IEtherToken","name":"wethContract","type":"address"}],"payable":false,"stateMutability":"view","type":"function"},{"constant":true,"inputs":[],"name":"getZrxVault","outputs":[{"internalType":"contract IZrxVault","name":"zrxVault","type":"address"}],"payable":false,"stateMutability":"view","type":"function"},{"constant":false,"inputs":[],"name":"init","outputs":[],"payable":false,"stateMutability":"nonpayable","type":"function"},{"constant":false,"inputs":[{"internalType":"bytes32","name":"poolId","type":"bytes32"}],"name":"joinStakingPoolAsMaker","outputs":[],"payable":false,"stateMutability":"nonpayable","type":"function"},{"constant":true,"inputs":[],"name":"lastPoolId","outputs":[{"internalType":"bytes32","name":"","type":"bytes32"}],"payable":false,"stateMutability":"view","type":"function"},{"constant":true,"inputs":[],"name":"minimumPoolStake","outputs":[{"internalType":"uint256","name":"","type":"uint256"}],"payable":false,"stateMutability":"view","type":"function"},{"constant":false,"inputs":[{"components":[{"internalType":"enum IStructs.StakeStatus","name":"status","type":"uint8"},{"internalType":"bytes32","name":"poolId","type":"bytes32"}],"internalType":"struct IStructs.StakeInfo","name":"from","type":"tuple"},{"components":[{"internalType":"enum IStructs.StakeStatus","name":"status","type":"uint8"},{"internalType":"bytes32","name":"poolId","type":"bytes32"}],"internalType":"struct IStructs.StakeInfo","name":"to","type":"tuple"},{"internalType":"uint256","name":"amount","type":"uint256"}],"name":"moveStake","outputs":[],"payable":false,"stateMutability":"nonpayable","type":"function"},{"constant":true,"inputs":[],"name":"owner","outputs":[{"internalType":"address","name":"","type":"address"}],"payable":false,"stateMutability":"view","type":"function"},{"constant":false,"inputs":[{"internalType":"address","name":"makerAddress","type":"address"},{"internalType":"address","name":"payerAddress","type":"address"},{"internalType":"uint256","name":"protocolFee","type":"uint256"}],"name":"payProtocolFee","outputs":[],"payable":true,"stateMutability":"payable","type":"function"},{"constant":true,"inputs":[{"internalType":"address","name":"","type":"address"}],"name":"poolIdByMaker","outputs":[{"internalType":"bytes32","name":"","type":"bytes32"}],"payable":false,"stateMutability":"view","type":"function"},{"constant":true,"inputs":[{"internalType":"bytes32","name":"","type":"bytes32"},{"internalType":"uint256","name":"","type":"uint256"}],"name":"poolStatsByEpoch","outputs":[{"internalType":"uint256","name":"feesCollected","type":"uint256"},{"internalType":"uint256","name":"weightedStake","type":"uint256"},{"internalType":"uint256","name":"membersStake","type":"uint256"}],"payable":false,"stateMutability":"view","type":"function"},{"constant":false,"inputs":[{"internalType":"address","name":"target","type":"address"}],"name":"removeAuthorizedAddress","outputs":[],"payable":false,"stateMutability":"nonpayable","type":"function"},{"constant":false,"inputs":[{"internalType":"address","name":"target","type":"address"},{"internalType":"uint256","name":"index","type":"uint256"}],"name":"removeAuthorizedAddressAtIndex","outputs":[],"payable":false,"stateMutability":"nonpayable","type":"function"},{"constant":false,"inputs":[{"internalType":"address","name":"addr","type":"address"}],"name":"removeExchangeAddress","outputs":[],"payable":false,"stateMutability":"nonpayable","type":"function"},{"constant":true,"inputs":[],"name":"rewardDelegatedStakeWeight","outputs":[{"internalType":"uint32","name":"","type":"uint32"}],"payable":false,"stateMutability":"view","type":"function"},{"constant":true,"inputs":[{"internalType":"bytes32","name":"","type":"bytes32"}],"name":"rewardsByPoolId","outputs":[{"internalType":"uint256","name":"","type":"uint256"}],"payable":false,"stateMutability":"view","type":"function"},{"constant":false,"inputs":[{"internalType":"uint256","name":"_epochDurationInSeconds","type":"uint256"},{"internalType":"uint32","name":"_rewardDelegatedStakeWeight","type":"uint32"},{"internalType":"uint256","name":"_minimumPoolStake","type":"uint256"},{"internalType":"uint32","name":"_cobbDouglasAlphaNumerator","type":"uint32"},{"internalType":"uint32","name":"_cobbDouglasAlphaDenominator","type":"uint32"}],"name":"setParams","outputs":[],"payable":false,"stateMutability":"nonpayable","type":"function"},{"constant":false,"inputs":[{"internalType":"uint256","name":"amount","type":"uint256"}],"name":"stake","outputs":[],"payable":false,"stateMutability":"nonpayable","type":"function"},{"constant":true,"inputs":[],"name":"stakingContract","outputs":[{"internalType":"address","name":"","type":"address"}],"payable":false,"stateMutability":"view","type":"function"},{"constant":false,"inputs":[{"internalType":"address","name":"newOwner","type":"address"}],"name":"transferOwnership","outputs":[],"payable":false,"stateMutability":"nonpayable","type":"function"},{"constant":false,"inputs":[{"internalType":"uint256","name":"amount","type":"uint256"}],"name":"unstake","outputs":[],"payable":false,"stateMutability":"nonpayable","type":"function"},{"constant":true,"inputs":[{"internalType":"address","name":"","type":"address"}],"name":"validExchanges","outputs":[{"internalType":"bool","name":"","type":"bool"}],"payable":false,"stateMutability":"view","type":"function"},{"constant":true,"inputs":[],"name":"wethReservedForPoolRewards","outputs":[{"internalType":"uint256","name":"","type":"uint256"}],"payable":false,"stateMutability":"view","type":"function"},{"constant":false,"inputs":[{"internalType":"bytes32","name":"poolId","type":"bytes32"}],"name":"withdrawDelegatorRewards","outputs":[],"payable":false,"stateMutability":"nonpayable","type":"function"}]
