[{"inputs":[{"internalType":"contract IEtherTokenV06","name":"weth_","type":"address"}],"stateMutability":"nonpayable","type":"constructor"},{"inputs":[],"name":"deployer","outputs":[{"internalType":"address","name":"","type":"address"}],"stateMutability":"view","type":"function"},{"inputs":[{"internalType":"address payable","name":"ethRecipient","type":"address"}],"name":"die","outputs":[],"stateMutability":"nonpayable","type":"function"},{"inputs":[{"components":[{"internalType":"address payable","name":"sender","type":"address"},{"internalType":"address payable","name":"taker","type":"address"},{"internalType":"bytes","name":"data","type":"bytes"}],"internalType":"struct IERC20Transformer.TransformContext","name":"context","type":"tuple"}],"name":"transform","outputs":[{"internalType":"bytes4","name":"success","type":"bytes4"}],"stateMutability":"nonpayable","type":"function"},{"inputs":[],"name":"weth","outputs":[{"internalType":"contract IEtherTokenV06","name":"","type":"address"}],"stateMutability":"view","type":"function"}]
