[{"name":"Transfer","inputs":[{"type":"address","name":"_from","indexed":true},{"type":"address","name":"_to","indexed":true},{"type":"uint256","name":"_value","indexed":false}],"anonymous":false,"type":"event"},{"name":"Approval","inputs":[{"type":"address","name":"_owner","indexed":true},{"type":"address","name":"_spender","indexed":true},{"type":"uint256","name":"_value","indexed":false}],"anonymous":false,"type":"event"},{"outputs":[],"inputs":[{"type":"string","name":"_name"},{"type":"string","name":"_symbol"},{"type":"uint256","name":"_decimals"},{"type":"uint256","name":"_supply"}],"stateMutability":"nonpayable","type":"constructor"},{"name":"set_minter","outputs":[],"inputs":[{"type":"address","name":"_minter"}],"stateMutability":"nonpayable","type":"function","gas":36247},{"name":"set_name","outputs":[],"inputs":[{"type":"string","name":"_name"},{"type":"string","name":"_symbol"}],"stateMutability":"nonpayable","type":"function","gas":178069},{"name":"totalSupply","outputs":[{"type":"uint256","name":""}],"inputs":[],"stateMutability":"view","type":"function","gas":1211},{"name":"allowance","outputs":[{"type":"uint256","name":""}],"inputs":[{"type":"address","name":"_owner"},{"type":"address","name":"_spender"}],"stateMutability":"view","type":"function","gas":1549},{"name":"transfer","outputs":[{"type":"bool","name":""}],"inputs":[{"type":"address","name":"_to"},{"type":"uint256","name":"_value"}],"stateMutability":"nonpayable","type":"function","gas":74832},{"name":"transferFrom","outputs":[{"type":"bool","name":""}],"inputs":[{"type":"address","name":"_from"},{"type":"address","name":"_to"},{"type":"uint256","name":"_value"}],"stateMutability":"nonpayable","type":"function","gas":111983},{"name":"approve","outputs":[{"type":"bool","name":""}],"inputs":[{"type":"address","name":"_spender"},{"type":"uint256","name":"_value"}],"stateMutability":"nonpayable","type":"function","gas":39078},{"name":"mint","outputs":[{"type":"bool","name":""}],"inputs":[{"type":"address","name":"_to"},{"type":"uint256","name":"_value"}],"stateMutability":"nonpayable","type":"function","gas":75808},{"name":"burnFrom","outputs":[{"type":"bool","name":""}],"inputs":[{"type":"address","name":"_to"},{"type":"uint256","name":"_value"}],"stateMutability":"nonpayable","type":"function","gas":75826},{"name":"name","outputs":[{"type":"string","name":""}],"inputs":[],"stateMutability":"view","type":"function","gas":7823},{"name":"symbol","outputs":[{"type":"string","name":""}],"inputs":[],"stateMutability":"view","type":"function","gas":6876},{"name":"decimals","outputs":[{"type":"uint256","name":""}],"inputs":[],"stateMutability":"view","type":"function","gas":1481},{"name":"balanceOf","outputs":[{"type":"uint256","name":""}],"inputs":[{"type":"address","name":"arg0"}],"stateMutability":"view","type":"function","gas":1665}]
