[{"name":"TokenExchange","inputs":[{"name":"buyer","type":"address","indexed":true},{"name":"sold_id","type":"int128","indexed":false},{"name":"tokens_sold","type":"uint256","indexed":false},{"name":"bought_id","type":"int128","indexed":false},{"name":"tokens_bought","type":"uint256","indexed":false}],"anonymous":false,"type":"event"},{"name":"AddLiquidity","inputs":[{"name":"provider","type":"address","indexed":true},{"name":"token_amounts","type":"uint256[2]","indexed":false},{"name":"fees","type":"uint256[2]","indexed":false},{"name":"invariant","type":"uint256","indexed":false},{"name":"token_supply","type":"uint256","indexed":false}],"anonymous":false,"type":"event"},{"name":"RemoveLiquidity","inputs":[{"name":"provider","type":"address","indexed":true},{"name":"token_amounts","type":"uint256[2]","indexed":false},{"name":"fees","type":"uint256[2]","indexed":false},{"name":"token_supply","type":"uint256","indexed":false}],"anonymous":false,"type":"event"},{"name":"RemoveLiquidityOne","inputs":[{"name":"provider","type":"address","indexed":true},{"name":"token_amount","type":"uint256","indexed":false},{"name":"coin_amount","type":"uint256","indexed":false}],"anonymous":false,"type":"event"},{"name":"RemoveLiquidityImbalance","inputs":[{"name":"provider","type":"address","indexed":true},{"name":"token_amounts","type":"uint256[2]","indexed":false},{"name":"fees","type":"uint256[2]","indexed":false},{"name":"invariant","type":"uint256","indexed":false},{"name":"token_supply","type":"uint256","indexed":false}],"anonymous":false,"type":"event"},{"name":"CommitNewAdmin","inputs":[{"name":"deadline","type":"uint256","indexed":true},{"name":"admin","type":"address","indexed":true}],"anonymous":false,"type":"event"},{"name":"NewAdmin","inputs":[{"name":"admin","type":"address","indexed":true}],"anonymous":false,"type":"event"},{"name":"CommitNewFee","inputs":[{"name":"deadline","type":"uint256","indexed":true},{"name":"fee","type":"uint256","indexed":false},{"name":"admin_fee","type":"uint256","indexed":false}],"anonymous":false,"type":"event"},{"name":"NewFee","inputs":[{"name":"fee","type":"uint256","indexed":false},{"name":"admin_fee","type":"uint256","indexed":false}],"anonymous":false,"type":"event"},{"name":"RampA","inputs":[{"name":"old_A","type":"uint256","indexed":false},{"name":"new_A","type":"uint256","indexed":false},{"name":"initial_time","type":"uint256","indexed":false},{"name":"future_time","type":"uint256","indexed":false}],"anonymous":false,"type":"event"},{"name":"StopRampA","inputs":[{"name":"A","type":"uint256","indexed":false},{"name":"t","type":"uint256","indexed":false}],"anonymous":false,"type":"event"},{"stateMutability":"nonpayable","type":"constructor","inputs":[{"name":"_owner","type":"address"},{"name":"_coins","type":"address[2]"},{"name":"_pool_token","type":"address"},{"name":"_A","type":"uint256"},{"name":"_fee","type":"uint256"},{"name":"_admin_fee","type":"uint256"}],"outputs":[]},{"stateMutability":"view","type":"function","name":"A","inputs":[],"outputs":[{"name":"","type":"uint256"}],"gas":10374},{"stateMutability":"view","type":"function","name":"A_precise","inputs":[],"outputs":[{"name":"","type":"uint256"}],"gas":10336},{"stateMutability":"view","type":"function","name":"get_virtual_price","inputs":[],"outputs":[{"name":"","type":"uint256"}],"gas":1026082},{"stateMutability":"view","type":"function","name":"calc_token_amount","inputs":[{"name":"amounts","type":"uint256[2]"},{"name":"is_deposit","type":"bool"}],"outputs":[{"name":"","type":"uint256"}],"gas":4025892},{"stateMutability":"payable","type":"function","name":"add_liquidity","inputs":[{"name":"amounts","type":"uint256[2]"},{"name":"min_mint_amount","type":"uint256"}],"outputs":[{"name":"","type":"uint256"}],"gas":6196688},{"stateMutability":"view","type":"function","name":"get_dy","inputs":[{"name":"i","type":"int128"},{"name":"j","type":"int128"},{"name":"dx","type":"uint256"}],"outputs":[{"name":"","type":"uint256"}],"gas":2465955},{"stateMutability":"view","type":"function","name":"get_dx","inputs":[{"name":"i","type":"int128"},{"name":"j","type":"int128"},{"name":"dy","type":"uint256"}],"outputs":[{"name":"","type":"uint256"}],"gas":2465989},{"stateMutability":"payable","type":"function","name":"exchange","inputs":[{"name":"i","type":"int128"},{"name":"j","type":"int128"},{"name":"dx","type":"uint256"},{"name":"min_dy","type":"uint256"}],"outputs":[{"name":"","type":"uint256"}],"gas":2666248},{"stateMutability":"nonpayable","type":"function","name":"remove_liquidity","inputs":[{"name":"_amount","type":"uint256"},{"name":"min_amounts","type":"uint256[2]"}],"outputs":[{"name":"","type":"uint256[2]"}],"gas":242315},{"stateMutability":"nonpayable","type":"function","name":"remove_liquidity_imbalance","inputs":[{"name":"amounts","type":"uint256[2]"},{"name":"max_burn_amount","type":"uint256"}],"outputs":[{"name":"","type":"uint256"}],"gas":6234504},{"stateMutability":"view","type":"function","name":"calc_withdraw_one_coin","inputs":[{"name":"_token_amount","type":"uint256"},{"name":"i","type":"int128"}],"outputs":[{"name":"","type":"uint256"}],"gas":1192},{"stateMutability":"nonpayable","type":"function","name":"remove_liquidity_one_coin","inputs":[{"name":"_token_amount","type":"uint256"},{"name":"i","type":"int128"},{"name":"_min_amount","type":"uint256"}],"outputs":[{"name":"","type":"uint256"}],"gas":3945455},{"stateMutability":"nonpayable","type":"function","name":"ramp_A","inputs":[{"name":"_future_A","type":"uint256"},{"name":"_future_time","type":"uint256"}],"outputs":[],"gas":159369},{"stateMutability":"nonpayable","type":"function","name":"stop_ramp_A","inputs":[],"outputs":[],"gas":154830},{"stateMutability":"nonpayable","type":"function","name":"commit_new_fee","inputs":[{"name":"new_fee","type":"uint256"},{"name":"new_admin_fee","type":"uint256"}],"outputs":[],"gas":112788},{"stateMutability":"nonpayable","type":"function","name":"apply_new_fee","inputs":[],"outputs":[],"gas":160672},{"stateMutability":"nonpayable","type":"function","name":"revert_new_parameters","inputs":[],"outputs":[],"gas":22922},{"stateMutability":"nonpayable","type":"function","name":"commit_transfer_ownership","inputs":[{"name":"_owner","type":"address"}],"outputs":[],"gas":76960},{"stateMutability":"nonpayable","type":"function","name":"apply_transfer_ownership","inputs":[],"outputs":[],"gas":122840},{"stateMutability":"nonpayable","type":"function","name":"revert_transfer_ownership","inputs":[],"outputs":[],"gas":23012},{"stateMutability":"view","type":"function","name":"admin_balances","inputs":[{"name":"i","type":"uint256"}],"outputs":[{"name":"","type":"uint256"}],"gas":10312},{"stateMutability":"nonpayable","type":"function","name":"withdraw_admin_fees","inputs":[],"outputs":[],"gas":112843},{"stateMutability":"nonpayable","type":"function","name":"donate_admin_fees","inputs":[],"outputs":[],"gas":140003},{"stateMutability":"nonpayable","type":"function","name":"kill_me","inputs":[],"outputs":[],"gas":40325},{"stateMutability":"nonpayable","type":"function","name":"unkill_me","inputs":[],"outputs":[],"gas":23162},{"stateMutability":"view","type":"function","name":"coins","inputs":[{"name":"arg0","type":"uint256"}],"outputs":[{"name":"","type":"address"}],"gas":3247},{"stateMutability":"view","type":"function","name":"balances","inputs":[{"name":"arg0","type":"uint256"}],"outputs":[{"name":"","type":"uint256"}],"gas":3277},{"stateMutability":"view","type":"function","name":"fee","inputs":[],"outputs":[{"name":"","type":"uint256"}],"gas":3198},{"stateMutability":"view","type":"function","name":"admin_fee","inputs":[],"outputs":[{"name":"","type":"uint256"}],"gas":3228},{"stateMutability":"view","type":"function","name":"owner","inputs":[],"outputs":[{"name":"","type":"address"}],"gas":3258},{"stateMutability":"view","type":"function","name":"lp_token","inputs":[],"outputs":[{"name":"","type":"address"}],"gas":3288},{"stateMutability":"view","type":"function","name":"initial_A","inputs":[],"outputs":[{"name":"","type":"uint256"}],"gas":3318},{"stateMutability":"view","type":"function","name":"future_A","inputs":[],"outputs":[{"name":"","type":"uint256"}],"gas":3348},{"stateMutability":"view","type":"function","name":"initial_A_time","inputs":[],"outputs":[{"name":"","type":"uint256"}],"gas":3378},{"stateMutability":"view","type":"function","name":"future_A_time","inputs":[],"outputs":[{"name":"","type":"uint256"}],"gas":3408},{"stateMutability":"view","type":"function","name":"admin_actions_deadline","inputs":[],"outputs":[{"name":"","type":"uint256"}],"gas":3438},{"stateMutability":"view","type":"function","name":"transfer_ownership_deadline","inputs":[],"outputs":[{"name":"","type":"uint256"}],"gas":3468},{"stateMutability":"view","type":"function","name":"future_fee","inputs":[],"outputs":[{"name":"","type":"uint256"}],"gas":3498},{"stateMutability":"view","type":"function","name":"future_admin_fee","inputs":[],"outputs":[{"name":"","type":"uint256"}],"gas":3528},{"stateMutability":"view","type":"function","name":"future_owner","inputs":[],"outputs":[{"name":"","type":"address"}],"gas":3558}]
