[{"name":"TokenExchange","inputs":[{"type":"address","name":"buyer","indexed":true},{"type":"int128","name":"sold_id","indexed":false},{"type":"uint256","name":"tokens_sold","indexed":false},{"type":"int128","name":"bought_id","indexed":false},{"type":"uint256","name":"tokens_bought","indexed":false}],"anonymous":false,"type":"event"},{"name":"TokenExchangeUnderlying","inputs":[{"type":"address","name":"buyer","indexed":true},{"type":"int128","name":"sold_id","indexed":false},{"type":"uint256","name":"tokens_sold","indexed":false},{"type":"int128","name":"bought_id","indexed":false},{"type":"uint256","name":"tokens_bought","indexed":false}],"anonymous":false,"type":"event"},{"name":"AddLiquidity","inputs":[{"type":"address","name":"provider","indexed":true},{"type":"uint256[2]","name":"token_amounts","indexed":false},{"type":"uint256[2]","name":"fees","indexed":false},{"type":"uint256","name":"invariant","indexed":false},{"type":"uint256","name":"token_supply","indexed":false}],"anonymous":false,"type":"event"},{"name":"RemoveLiquidity","inputs":[{"type":"address","name":"provider","indexed":true},{"type":"uint256[2]","name":"token_amounts","indexed":false},{"type":"uint256[2]","name":"fees","indexed":false},{"type":"uint256","name":"token_supply","indexed":false}],"anonymous":false,"type":"event"},{"name":"RemoveLiquidityOne","inputs":[{"type":"address","name":"provider","indexed":true},{"type":"uint256","name":"token_amount","indexed":false},{"type":"uint256","name":"coin_amount","indexed":false},{"type":"uint256","name":"token_supply","indexed":false}],"anonymous":false,"type":"event"},{"name":"RemoveLiquidityImbalance","inputs":[{"type":"address","name":"provider","indexed":true},{"type":"uint256[2]","name":"token_amounts","indexed":false},{"type":"uint256[2]","name":"fees","indexed":false},{"type":"uint256","name":"invariant","indexed":false},{"type":"uint256","name":"token_supply","indexed":false}],"anonymous":false,"type":"event"},{"name":"CommitNewAdmin","inputs":[{"type":"uint256","name":"deadline","indexed":true},{"type":"address","name":"admin","indexed":true}],"anonymous":false,"type":"event"},{"name":"NewAdmin","inputs":[{"type":"address","name":"admin","indexed":true}],"anonymous":false,"type":"event"},{"name":"CommitNewFee","inputs":[{"type":"uint256","name":"deadline","indexed":true},{"type":"uint256","name":"fee","indexed":false},{"type":"uint256","name":"admin_fee","indexed":false}],"anonymous":false,"type":"event"},{"name":"NewFee","inputs":[{"type":"uint256","name":"fee","indexed":false},{"type":"uint256","name":"admin_fee","indexed":false}],"anonymous":false,"type":"event"},{"name":"RampA","inputs":[{"type":"uint256","name":"old_A","indexed":false},{"type":"uint256","name":"new_A","indexed":false},{"type":"uint256","name":"initial_time","indexed":false},{"type":"uint256","name":"future_time","indexed":false}],"anonymous":false,"type":"event"},{"name":"StopRampA","inputs":[{"type":"uint256","name":"A","indexed":false},{"type":"uint256","name":"t","indexed":false}],"anonymous":false,"type":"event"},{"outputs":[],"inputs":[{"type":"address","name":"_owner"},{"type":"address[2]","name":"_coins"},{"type":"address","name":"_pool_token"},{"type":"address","name":"_base_pool"},{"type":"uint256","name":"_A"},{"type":"uint256","name":"_fee"},{"type":"uint256","name":"_admin_fee"}],"stateMutability":"nonpayable","type":"constructor"},{"name":"A","outputs":[{"type":"uint256","name":""}],"inputs":[],"stateMutability":"view","type":"function","gas":5199},{"name":"A_precise","outputs":[{"type":"uint256","name":""}],"inputs":[],"stateMutability":"view","type":"function","gas":5161},{"name":"get_virtual_price","outputs":[{"type":"uint256","name":""}],"inputs":[],"stateMutability":"view","type":"function","gas":1012517},{"name":"calc_token_amount","outputs":[{"type":"uint256","name":""}],"inputs":[{"type":"uint256[2]","name":"amounts"},{"type":"bool","name":"is_deposit"}],"stateMutability":"view","type":"function","gas":4018795},{"name":"add_liquidity","outputs":[{"type":"uint256","name":""}],"inputs":[{"type":"uint256[2]","name":"amounts"},{"type":"uint256","name":"min_mint_amount"}],"stateMutability":"nonpayable","type":"function","gas":6256827},{"name":"get_dy","outputs":[{"type":"uint256","name":""}],"inputs":[{"type":"int128","name":"i"},{"type":"int128","name":"j"},{"type":"uint256","name":"dx"}],"stateMutability":"view","type":"function","gas":2450192},{"name":"get_dy_underlying","outputs":[{"type":"uint256","name":""}],"inputs":[{"type":"int128","name":"i"},{"type":"int128","name":"j"},{"type":"uint256","name":"dx"}],"stateMutability":"view","type":"function","gas":2453398},{"name":"exchange","outputs":[{"type":"uint256","name":""}],"inputs":[{"type":"int128","name":"i"},{"type":"int128","name":"j"},{"type":"uint256","name":"dx"},{"type":"uint256","name":"min_dy"}],"stateMutability":"nonpayable","type":"function","gas":2677213},{"name":"exchange_underlying","outputs":[{"type":"uint256","name":""}],"inputs":[{"type":"int128","name":"i"},{"type":"int128","name":"j"},{"type":"uint256","name":"dx"},{"type":"uint256","name":"min_dy"}],"stateMutability":"nonpayable","type":"function","gas":2692028},{"name":"remove_liquidity","outputs":[{"type":"uint256[2]","name":""}],"inputs":[{"type":"uint256","name":"_amount"},{"type":"uint256[2]","name":"min_amounts"}],"stateMutability":"nonpayable","type":"function","gas":163158},{"name":"remove_liquidity_imbalance","outputs":[{"type":"uint256","name":""}],"inputs":[{"type":"uint256[2]","name":"amounts"},{"type":"uint256","name":"max_burn_amount"}],"stateMutability":"nonpayable","type":"function","gas":6256676},{"name":"calc_withdraw_one_coin","outputs":[{"type":"uint256","name":""}],"inputs":[{"type":"uint256","name":"_token_amount"},{"type":"int128","name":"i"}],"stateMutability":"view","type":"function","gas":4389},{"name":"remove_liquidity_one_coin","outputs":[{"type":"uint256","name":""}],"inputs":[{"type":"uint256","name":"_token_amount"},{"type":"int128","name":"i"},{"type":"uint256","name":"_min_amount"}],"stateMutability":"nonpayable","type":"function","gas":3946616},{"name":"ramp_A","outputs":[],"inputs":[{"type":"uint256","name":"_future_A"},{"type":"uint256","name":"_future_time"}],"stateMutability":"nonpayable","type":"function","gas":151894},{"name":"stop_ramp_A","outputs":[],"inputs":[],"stateMutability":"nonpayable","type":"function","gas":148655},{"name":"commit_new_fee","outputs":[],"inputs":[{"type":"uint256","name":"new_fee"},{"type":"uint256","name":"new_admin_fee"}],"stateMutability":"nonpayable","type":"function","gas":110491},{"name":"apply_new_fee","outputs":[],"inputs":[],"stateMutability":"nonpayable","type":"function","gas":97272},{"name":"revert_new_parameters","outputs":[],"inputs":[],"stateMutability":"nonpayable","type":"function","gas":21925},{"name":"commit_transfer_ownership","outputs":[],"inputs":[{"type":"address","name":"_owner"}],"stateMutability":"nonpayable","type":"function","gas":74663},{"name":"apply_transfer_ownership","outputs":[],"inputs":[],"stateMutability":"nonpayable","type":"function","gas":60740},{"name":"revert_transfer_ownership","outputs":[],"inputs":[],"stateMutability":"nonpayable","type":"function","gas":22015},{"name":"admin_balances","outputs":[{"type":"uint256","name":""}],"inputs":[{"type":"uint256","name":"i"}],"stateMutability":"view","type":"function","gas":3511},{"name":"withdraw_admin_fees","outputs":[],"inputs":[],"stateMutability":"nonpayable","type":"function","gas":9232},{"name":"donate_admin_fees","outputs":[],"inputs":[],"stateMutability":"nonpayable","type":"function","gas":74995},{"name":"kill_me","outputs":[],"inputs":[],"stateMutability":"nonpayable","type":"function","gas":38028},{"name":"unkill_me","outputs":[],"inputs":[],"stateMutability":"nonpayable","type":"function","gas":22165},{"name":"coins","outputs":[{"type":"address","name":""}],"inputs":[{"type":"uint256","name":"arg0"}],"stateMutability":"view","type":"function","gas":2250},{"name":"balances","outputs":[{"type":"uint256","name":""}],"inputs":[{"type":"uint256","name":"arg0"}],"stateMutability":"view","type":"function","gas":2280},{"name":"fee","outputs":[{"type":"uint256","name":""}],"inputs":[],"stateMutability":"view","type":"function","gas":2201},{"name":"admin_fee","outputs":[{"type":"uint256","name":""}],"inputs":[],"stateMutability":"view","type":"function","gas":2231},{"name":"owner","outputs":[{"type":"address","name":""}],"inputs":[],"stateMutability":"view","type":"function","gas":2261},{"name":"token","outputs":[{"type":"address","name":""}],"inputs":[],"stateMutability":"view","type":"function","gas":2291},{"name":"base_pool","outputs":[{"type":"address","name":""}],"inputs":[],"stateMutability":"view","type":"function","gas":2321},{"name":"base_virtual_price","outputs":[{"type":"uint256","name":""}],"inputs":[],"stateMutability":"view","type":"function","gas":2351},{"name":"base_cache_updated","outputs":[{"type":"uint256","name":""}],"inputs":[],"stateMutability":"view","type":"function","gas":2381},{"name":"base_coins","outputs":[{"type":"address","name":""}],"inputs":[{"type":"uint256","name":"arg0"}],"stateMutability":"view","type":"function","gas":2520},{"name":"initial_A","outputs":[{"type":"uint256","name":""}],"inputs":[],"stateMutability":"view","type":"function","gas":2441},{"name":"future_A","outputs":[{"type":"uint256","name":""}],"inputs":[],"stateMutability":"view","type":"function","gas":2471},{"name":"initial_A_time","outputs":[{"type":"uint256","name":""}],"inputs":[],"stateMutability":"view","type":"function","gas":2501},{"name":"future_A_time","outputs":[{"type":"uint256","name":""}],"inputs":[],"stateMutability":"view","type":"function","gas":2531},{"name":"admin_actions_deadline","outputs":[{"type":"uint256","name":""}],"inputs":[],"stateMutability":"view","type":"function","gas":2561},{"name":"transfer_ownership_deadline","outputs":[{"type":"uint256","name":""}],"inputs":[],"stateMutability":"view","type":"function","gas":2591},{"name":"future_fee","outputs":[{"type":"uint256","name":""}],"inputs":[],"stateMutability":"view","type":"function","gas":2621},{"name":"future_admin_fee","outputs":[{"type":"uint256","name":""}],"inputs":[],"stateMutability":"view","type":"function","gas":2651},{"name":"future_owner","outputs":[{"type":"address","name":""}],"inputs":[],"stateMutability":"view","type":"function","gas":2681}]
